{
	"Table": {
		"TableName": "todos",
		"KeySchema": [
			{
				"AttributeName": "id",
				"KeyType": "HASH"
			}
		],
		"AttributeDefinitions": [
			{
				"AttributeName": "id",
				"AttributeType": "S"
			}
		],
		"ProvisionedThroughput": {
			"ReadCapacityUnits": 1,
			"WriteCapacityUnits": 1
		}
	},
	"Seeds": [
		{
			"id": "c796d733-9779-45c5-a130-20fd1fd0b652",
	        "task": "Wake up",
	        "isCompleted": true
		},
        {
			"id": "43fca9c6-91f4-4593-9e5c-fac85beab5a7",
			"task": "Eat breakfast",
			"isCompleted": true
		},
        {
			"id": "42828c93-afb5-4761-ba55-becfda40b11b",
			"task": "Go to office",
			"isCompleted": false
		}
	]
}
